Data Consegna,Cluster,Clienti,Numero Clienti,Zona Consegna
2025-06-01,1_0,"[406440, 585779, 587730, 401061, 587971]",5,Zona B1
2025-06-02,1_0,"[11824, 12693, 15565, 405804, 588691, 401615, 406237, 588565]",8,Zona B1
2025-06-06,1_3,"[581912, 582004, 586046, 402898, 577169, 581261, 581985, 583347, 586610, 586729, 587465]",11,Zona B4
2025-06-07,1_0,"[15745, 575734, 588072, 12692, 405499, 575690, 587084]",7,Zona B1
2025-06-08,1_0,"[405423, 406515, 587355]",3,Zona B1
2025-06-09,1_0,"[15743, 400877, 405782, 580350, 584393, 584558]",6,Zona B1
2025-06-10,1_0,"[401045, 401698, 402498, 580791, 10552, 400672, 577726]",7,Zona B1
2025-06-13,1_1,"[16185, 404272, 553714, 587723, 17293, 401236, 404269, 580349, 581886, 587267, 588597]",11,Zona B2
2025-06-14,1_0,"[406085, 584059, 588661, 404276, 405082, 579970, 588691]",7,Zona B1
2025-06-16,1_0,"[401772, 405596, 584853, 16182, 401829]",5,Zona B1
2025-06-18,1_0,"[577865, 584577, 587403]",3,Zona B1
2025-06-19,1_0,"[406239, 406433, 584786, 585017, 585403, 587452, 604065]",7,Zona B1
2025-06-20,2,"[403069, 582058, 586515, 14240, 17010, 400911, 400911, 401342, 403181, 585158]",10,Zona C
2025-06-20,1_0,"[401074, 575771, 585477]",3,Zona B1
2025-06-21,1_0,"[405451, 585340, 587296, 587941, 588234, 401515, 403767]",7,Zona B1
2025-06-24,1_0,"[581844, 587868, 588691, 404411]",4,Zona B1
2025-06-25,1_0,"[17195, 580342, 580791]",3,Zona B1
2025-06-27,1_0,"[15587, 405723, 579909, 585166, 404870]",5,Zona B1
2025-06-30,0_1,"[402832, 404068, 405404, 585206, 401370, 402008, 402249, 402919, 404593, 576568, 580938, 584169, 587909, 588494, 588755]",15,Zona A2
2025-06-30,1_0,"[17758, 17792, 400323, 403937, 400498, 406249]",6,Zona B1
2025-06-30,1_3,"[400214, 405531, 583346, 586729, 401893, 405359, 576943, 581912, 581985, 582004, 588525]",11,Zona B4
2025-06-30,2,"[400911, 401964, 405926, 576628, 582471, 587436, 405069, 405475, 581987, 584043, 584160, 604199]",12,Zona C
2025-07-01,1_0,"[404768, 585046, 588499]",3,Zona B1
2025-07-02,1_0,"[10552, 16100, 578037, 578750]",4,Zona B1
2025-07-03,1_0,"[17338, 584134, 586251]",3,Zona B1
2025-07-03,0_1,"[10871, 403192, 580233, 582188, 401985, 402984, 406484, 584503]",8,Zona A2
2025-07-04,0_0,"[557446, 557753, 558053, 557411, 557441, 557531, 557697, 558125, 558165, 580041, 582954, 584687, 586576]",13,Zona A1
2025-07-04,1_0,"[15046, 404015, 584243, 587849, 586733, 588691]",6,Zona B1
2025-07-06,0_3,"[555390, 557574, 557923, 550920, 555421, 555528, 557106, 557940, 576457, 576459, 581287, 583169]",12,Zona A4
2025-07-06,1_0,"[10847, 400486, 404426, 557954, 576715]",5,Zona B1
2025-07-06,2,"[578628, 585937, 586311, 402797]",4,Zona C
2025-07-07,0_1,"[12875, 406428, 580938, 587642, 402766, 404196, 404601]",7,Zona A2
2025-07-07,1_0,"[580462, 584853, 587180, 585473, 585547]",5,Zona B1
2025-07-08,2,"[400911, 403453, 587260, 587999]",4,Zona C
2025-07-09,0_1,"[401040, 585979, 604715, 17728, 583047]",5,Zona A2
2025-07-09,2,"[401612, 582058, 586205, 582104]",4,Zona C
2025-07-10,1_0,"[401053, 580791, 582766, 587325, 587398, 587403, 588700, 401200, 577726]",9,Zona B1
2025-07-10,0_0,"[557744, 557802, 578480, 580512, 587250, 588362, 557277, 558386, 587016]",9,Zona A1
2025-07-13,1_0,"[17353, 404550, 557973, 580350, 404810]",5,Zona B1
2025-07-14,0_0,"[555436, 557247, 557531, 557410, 557411, 557981, 605299]",7,Zona A1
2025-07-14,1_0,"[403252, 585343, 586496, 17466, 401772]",5,Zona B1
2025-07-16,0_1,"[402354, 405917, 405964, 16201, 402377, 576691]",6,Zona A2
2025-07-16,1_0,"[404191, 557578, 588207, 588656, 588691]",5,Zona B1
2025-07-16,2,"[400911, 584181, 585158, 401309, 401342, 403069, 403160, 405261, 405988, 582678, 585181]",11,Zona C
2025-07-17,1_0,"[405596, 578121, 584363, 586898, 587730]",5,Zona B1
2025-07-18,1_0,"[558205, 582443, 587941]",3,Zona B1
2025-07-19,1_0,"[13394, 406287, 582775, 585840]",4,Zona B1
2025-07-19,0_1,"[402002, 406246, 582563, 582767, 583539, 585934]",6,Zona A2
2025-07-20,1_0,"[11284, 15262, 405546, 587775, 588835, 14342, 404166]",7,Zona B1
2025-07-20,0_1,"[401059, 588303, 588380, 401714, 580938, 584716]",6,Zona A2
2025-07-20,0_3,"[555747, 581308, 604226, 555528, 557017, 557173, 557554, 557673, 582638, 584978, 585040, 586603, 587418, 588249]",14,Zona A4
2025-07-23,1_0,"[10552, 400474, 587971, 557679, 586776]",5,Zona B1
2025-07-24,1_0,"[401715, 403511, 403794, 406440]",4,Zona B1
2025-07-25,0_1,"[577222, 577372, 580233, 16331, 405940]",5,Zona A2
2025-07-25,1_0,"[580791, 583213, 585375, 578626]",4,Zona B1
2025-07-26,0_0,"[557243, 557571, 557844, 584670, 558425, 577070]",6,Zona A1
2025-07-27,0_0,"[557276, 557368, 558246, 587017]",4,Zona A1
2025-07-27,1_0,"[403042, 576957, 578388, 587019, 588691]",5,Zona B1
2025-07-27,1_1,"[553714, 580349, 584446, 401105, 403529, 404153, 404272, 404927, 405874, 551552, 582653, 584163, 585391, 587267, 588104, 588597, 588648]",17,Zona B2
2025-07-28,1_0,"[12693, 403234, 584504, 584853, 585377, 588565]",6,Zona B1
2025-07-28,2,"[11395, 581987, 582058, 400911, 400911, 401964, 403786, 405636, 577319, 582776, 583996, 584770, 587501, 603922]",14,Zona C
2025-07-28,0_0,"[557366, 557531, 557597, 558354, 584147, 557914, 585950]",7,Zona A1
2025-07-29,0_1,"[13341, 401370, 587909, 402106]",4,Zona A2
2025-07-30,0_0,"[557181, 558175, 587369]",3,Zona A1
2025-07-30,1_0,"[577823, 578649, 584885]",3,Zona B1
2025-07-31,0_0,"[557061, 558076, 558295, 558401, 586937]",5,Zona A1
2025-07-31,1_0,"[403209, 584622, 587650, 405789, 587403]",5,Zona B1
2025-08-02,0_0,"[557411, 584687, 586580, 557440]",4,Zona A1
2025-08-03,1_0,"[14233, 400705, 402587, 405547, 406433, 584577, 604065, 401108, 585779]",9,Zona B1
2025-08-04,0_1,"[400393, 580938, 584169, 404543, 404869, 406140, 577314, 584593]",8,Zona A2
2025-08-04,1_0,"[16362, 403706, 586938]",3,Zona B1
2025-08-05,1_0,"[405630, 575771, 587035, 587134, 587676, 10604, 576486]",7,Zona B1
2025-08-06,1_1,"[401911, 405794, 578013, 583964, 588110]",5,Zona B2
2025-08-07,1_1,"[557503, 575953, 587267, 16377, 400384, 401092, 401236, 402508, 584086, 586917]",10,Zona B2
2025-08-07,0_0,"[557443, 587654, 588060, 553497, 554269, 557459, 557531, 557846, 558101, 584840, 586591, 587873, 603616]",13,Zona A1
2025-08-07,1_0,"[13944, 401065, 401692, 405831, 588691]",5,Zona B1
2025-08-08,1_0,"[406249, 584886, 585984]",3,Zona B1
2025-08-09,1_0,"[405059, 405782, 575358, 575690, 577726, 577865, 580791]",7,Zona B1
2025-08-10,0_3,"[557940, 577781, 584373, 550920, 555528, 557227, 557327, 557797, 558241, 558391, 583169, 585302, 585702]",13,Zona A4
2025-08-10,1_0,"[13570, 400672, 403445, 584786, 585083, 10515, 558127]",7,Zona B1
2025-08-11,1_3,"[582004, 586729, 588606, 404278, 405228, 405597, 576870, 581095, 581912, 581985, 583346, 585194, 586610]",13,Zona B4
2025-08-13,0_1,"[14643, 577302, 587517, 405919, 578624, 587857]",6,Zona A2
2025-08-13,1_0,"[10552, 401772, 404862, 585717, 401698, 575734, 587868, 587941]",8,Zona B1
2025-08-16,1_0,"[14998, 400877, 557954, 580350, 582157, 583451, 586714, 17264, 405812]",9,Zona B1
2025-08-17,2,"[400911, 403069, 405475, 405926, 585158, 604199, 405290, 576261, 582058, 585484, 586311]",11,Zona C
2025-08-17,1_0,"[11706, 405596, 583167]",3,Zona B1
2025-08-18,0_1,"[401427, 406246, 580938, 575723, 580233]",5,Zona A2
2025-08-18,1_0,"[11824, 402750, 406271, 584853, 588691]",5,Zona B1
2025-08-19,0_1,"[402008, 402376, 405466, 400751, 405941]",5,Zona A2
2025-08-19,1_0,"[12740, 583740, 584353, 401061, 577856]",5,Zona B1
2025-08-19,2,"[405736, 583444, 585181, 400318, 401964]",5,Zona C
2025-08-20,0_0,"[557411, 557970, 576660, 557068, 557384, 557410, 557994, 558072, 580254]",9,Zona A1
2025-08-21,0_3,"[555390, 557190, 557574, 576512, 553783, 555747, 557288, 558274, 581287, 581308]",10,Zona A4
2025-08-21,0_1,"[402002, 403522, 582767, 403281, 577965, 587480, 588494]",7,Zona A2
2025-08-22,0_3,"[550777, 578360, 604226, 555528, 557047, 558137, 583333]",7,Zona A4
2025-08-23,1_0,"[12692, 400637, 584896, 587403, 585381, 588548]",6,Zona B1
2025-08-23,0_0,"[551241, 557985, 586674, 557444, 578385]",5,Zona A1
2025-08-23,1_3,"[404884, 583347, 588525, 577185, 581912, 581985]",6,Zona B4
2025-08-24,2,"[401342, 403453, 581987, 583838, 585041, 14049, 14971, 16409, 17010, 400980, 586515]",11,Zona C
2025-08-24,1_0,"[15431, 580791, 584558]",3,Zona B1
2025-08-25,1_0,"[402296, 581844, 584818, 585038, 587799, 588499]",6,Zona B1
2025-08-26,0_0,"[557674, 557714, 558365, 555146, 557531, 558432, 605299]",7,Zona A1
2025-08-26,1_0,"[13571, 405423, 588072, 588700]",4,Zona B1
2025-08-27,1_3,"[581261, 585842, 587531, 405228, 405701]",5,Zona B4
2025-08-28,0_1,"[10500, 575799, 584503, 604715, 401985, 406043, 581139, 588913]",8,Zona A2
2025-08-29,1_0,"[404015, 576715, 588691, 405082, 580462, 585560]",6,Zona B1
2025-08-30,0_1,"[12992, 575871, 587909, 577531]",4,Zona A2
2025-08-31,1_0,"[401053, 403720, 580318]",3,Zona B1
2025-09-01,0_0,"[555339, 557366, 581727, 585950, 557804, 558053, 558301, 584687]",8,Zona A1
2025-09-01,1_0,"[16182, 403937, 404639, 577727, 587730, 404441, 406515]",7,Zona B1
2025-09-02,1_3,"[581095, 581985, 582004, 583179, 402898, 405597, 577169, 581912, 586729, 587465]",10,Zona B4
2025-09-02,0_1,"[401370, 405945, 587132, 580938]",4,Zona A2
2025-09-03,0_1,"[17728, 401714, 401894]",3,Zona A2
2025-09-03,0_3,"[557439, 585701, 586406, 587733, 557644, 557945, 558224, 576459]",8,Zona A4
2025-09-03,1_0,"[10552, 404550, 406237, 587983, 588207, 15565, 403767, 580342]",8,Zona B1
2025-09-04,0_0,"[557442, 558246, 581190, 586234, 554228, 587250]",6,Zona A1
2025-09-04,0_3,"[550920, 557332, 581297, 555528, 557537, 557923, 583169, 584410, 585672]",9,Zona A4
2025-09-05,0_0,"[553948, 557397, 557877, 576202]",4,Zona A1
2025-09-05,0_1,"[16831, 406484, 588755]",3,Zona A2
2025-09-06,0_0,"[557469, 557981, 588445]",3,Zona A1
2025-09-06,0_2,"[558234, 580355, 605203, 605480, 553074, 558267, 577808, 582057, 585360, 587309, 603813]",11,Zona A3
2025-09-07,0_1,"[400768, 580233, 585394, 576568]",4,Zona A2
2025-09-07,1_0,"[15743, 401615, 401829, 405499, 577726, 585166, 10847]",7,Zona B1
2025-09-07,0_0,"[557411, 557812, 580265, 553130, 554071, 557468, 557531, 557744]",8,Zona A1
2025-09-08,1_0,"[580791, 584393, 584853, 587180, 587355, 588691]",6,Zona B1
2025-09-08,2,"[14240, 405069, 576952, 404773, 578628, 582058, 582471, 582776, 586205, 603922]",10,Zona C
2025-09-10,1_0,"[401515, 580188, 587941]",3,Zona B1
2025-09-11,1_0,"[401533, 401772, 557578, 588661, 17758, 584344]",6,Zona B1
2025-09-13,0_1,"[401240, 404593, 576691, 577222, 584169, 17814, 401949, 402766, 580938, 582188, 585919]",11,Zona A2
2025-09-13,1_0,"[15778, 17792, 405670]",3,Zona B1
2025-09-14,1_0,"[584059, 587403, 587971, 603830]",4,Zona B1
2025-09-14,1_1,"[401092, 401911, 577895, 584887, 15269, 404272, 553714, 582562, 585079, 587267]",10,Zona B2
2025-09-15,1_1,"[576575, 580349, 582303, 15614]",4,Zona B2
2025-09-15,1_0,"[11770, 400993, 406440, 557973]",4,Zona B1
2025-09-15,1_2,"[16312, 401680, 405357, 404146]",4,Zona B3
2025-09-16,2,"[401964, 581525, 587260, 403069, 403963, 405607, 405980, 581987, 584160, 585158, 586311]",11,Zona C
2025-09-16,1_0,"[11617, 404870, 586240, 587705]",4,Zona B1
2025-09-17,1_0,"[404810, 405337, 405596, 406249, 406433, 576527, 604065, 584577]",8,Zona B1
2025-09-18,0_0,"[554160, 557697, 558101, 585200, 552331, 557277, 557410, 557420, 557824, 585190]",10,Zona A1
2025-09-19,0_1,"[16201, 402984, 576851, 15428, 401486, 405656, 406246, 586294]",8,Zona A2
2025-09-20,1_0,"[575771, 582645, 587084, 580350]",4,Zona B1
2025-09-21,1_0,"[400944, 404650, 405451, 587452, 588565]",5,Zona B1
2025-09-21,1_1,"[401539, 405794, 577705, 15626, 405132, 587723, 588075]",7,Zona B2
2025-09-22,0_0,"[557531, 558273, 558386, 557120, 557411, 557443, 558295, 584687, 603616]",9,Zona A1
2025-09-22,1_0,"[12693, 13802, 575510]",3,Zona B1
2025-09-23,1_0,"[17338, 404659, 405871, 406256, 580791, 582443]",6,Zona B1
2025-09-23,0_1,"[16656, 402002, 405523, 582767, 12562, 402919, 405917, 406321]",8,Zona A2
2025-09-24,1_0,"[10552, 12172, 17353, 404166]",4,Zona B1
2025-09-26,1_0,"[401074, 557954, 586529]",3,Zona B1
2025-09-27,1_0,"[400323, 400356, 401076, 584134]",4,Zona B1
2025-09-29,0_1,"[580233, 580938, 586878, 403423, 587642]",5,Zona A2
2025-09-29,1_0,"[17195, 401045, 405012, 584853, 577865, 585603]",6,Zona B1
2025-09-29,2,"[401342, 405636, 578137, 403160, 582058, 582168, 584043, 584770, 585181]",9,Zona C
2025-09-30,0_1,"[10953, 402685, 402851, 587909]",4,Zona A2
2025-10-01,1_1,"[400357, 401236, 553714, 403909, 404269, 581886, 587062, 587112, 587267]",9,Zona B2
2025-10-01,2,"[405475, 586205, 604199, 401612, 405926]",5,Zona C
2025-10-02,1_0,"[16582, 405943, 576957, 584786, 588656]",5,Zona B1
2025-10-03,1_0,"[401093, 406239, 585779, 579970, 587868]",5,Zona B1
2025-10-05,0_0,"[557417, 557819, 585950, 557061, 557117, 557368, 557518, 557610, 558187]",9,Zona A1
2025-10-06,1_0,"[577726, 578626, 587403, 403662, 579909]",5,Zona B1
2025-10-06,0_0,"[554999, 557366, 557531, 557597, 605299, 557026, 557726, 557817]",8,Zona A1
2025-10-06,0_3,"[555390, 557574, 586603, 550920, 555220, 555747, 557534, 577712, 577781, 581287, 581308, 584373, 586283]",13,Zona A4
2025-10-07,1_0,"[14771, 401118, 586663, 586733, 587941]",5,Zona B1
2025-10-08,1_0,"[400672, 401108, 580791, 587019]",4,Zona B1
2025-10-09,1_0,"[405782, 578037, 578121, 586314, 401772]",5,Zona B1
2025-10-11,0_1,"[405964, 583047, 585934, 401370, 402008, 403590, 404980, 579979, 580938, 581257, 585798, 587857]",12,Zona A2
2025-10-12,0_3,"[555528, 557017, 588899, 554343, 580443]",5,Zona A4
2025-10-12,1_0,"[402498, 575690, 588700, 404411]",4,Zona B1
2025-10-12,1_1,"[404927, 582743, 588597]",3,Zona B2
2025-10-13,0_0,"[554233, 557243, 557411, 557446, 558246, 554269, 554572, 555932, 557030, 557410, 586576, 586854]",12,Zona A1
2025-10-13,1_0,"[402118, 404768, 583176, 585473, 401698, 404276]",6,Zona B1
2025-10-16,1_0,"[403252, 405547, 585821, 10552, 406477]",5,Zona B1
2025-10-16,0_3,"[557354, 580244, 583169, 557466]",4,Zona A4
2025-10-17,0_1,"[401714, 401985, 406246, 576841, 604715, 401220, 402376, 402832, 580233, 584503]",10,Zona A2
2025-10-17,1_0,"[575734, 584886, 587730, 588234]",4,Zona B1
2025-10-18,1_0,"[400498, 400986, 405596, 558205, 578565]",5,Zona B1
2025-10-19,1_0,"[401715, 580462, 585377, 588499]",4,Zona B1
2025-10-19,1_1,"[14187, 16185, 402625, 17009, 401092, 587267]",6,Zona B2
2025-10-20,1_0,"[575358, 577874, 579802, 584853, 585340, 585343]",6,Zona B1
2025-10-21,0_3,"[557940, 558391, 576459, 550920, 555528, 557105, 557460, 557627, 582638, 584811, 585302, 585702, 604226]",13,Zona A4
2025-10-21,1_0,"[11284, 15587, 400705, 405831]",4,Zona B1
2025-10-22,1_0,"[401053, 576715, 587398, 588207]",4,Zona B1
2025-10-23,1_1,"[401911, 553714, 557165, 557503, 576958, 587147, 13673, 401236, 404272, 557638, 582653]",11,Zona B2
2025-10-23,1_0,"[15262, 400877, 580350, 580791, 586334, 587790]",6,Zona B1
2025-10-24,0_0,"[557981, 558229, 558425, 579926, 557772, 557802, 580509, 583315, 584687, 587017, 587250]",11,Zona A1
2025-10-24,1_0,"[404015, 405040, 405630, 578750, 404550]",5,Zona B1
2025-10-26,0_1,"[402002, 404081, 582767, 17728, 400741, 404869, 577302, 577314, 583539, 584169, 588380, 588494]",12,Zona A2
2025-10-26,1_0,"[17466, 576486, 581844, 586251, 586776, 406249, 585477]",7,Zona B1
2025-10-29,1_0,"[12813, 585547, 587296, 16100, 585017, 586898, 587403]",7,Zona B1
2025-11-01,1_0,"[15046, 406433, 557679, 582766, 604065, 585717]",6,Zona B1
2025-11-02,0_1,"[402377, 577222, 587909, 12578, 16331, 401059, 402142, 402353, 404567, 577372]",10,Zona A2
2025-11-02,1_0,"[14998, 16734, 585403, 586496]",4,Zona B1
2025-11-03,1_0,"[11824, 401200, 403937, 584577, 584948, 587941]",6,Zona B1
2025-11-04,1_0,"[17264, 406287, 577726]",3,Zona B1
2025-11-05,0_3,"[553968, 555747, 557923, 581308, 555390, 557106, 557997, 586406, 587418]",9,Zona A4
2025-11-05,1_0,"[10552, 575771, 585083]",3,Zona B1
2025-11-06,1_0,"[15082, 404191, 405394, 557954, 587971]",5,Zona B1
2025-11-06,0_0,"[558426, 588060, 588362, 557034, 557216, 557387, 557411, 557753, 558053, 558101, 558165, 558175, 558365]",13,Zona A1
2025-11-07,1_0,"[10847, 400486, 406440, 557578]",4,Zona B1
2025-11-08,1_0,"[401772, 557690, 584558, 401061]",4,Zona B1
2025-11-08,0_0,"[557441, 558403, 585950, 582954]",4,Zona A1
2025-11-09,2,"[14049, 400318, 586515, 401342, 401964, 403069, 405475, 576261, 581987, 604199]",10,Zona C
2025-11-10,0_1,"[13341, 576691, 584716, 401370, 404196, 406246, 406484, 578624, 580233, 588303, 588755]",11,Zona A2
2025-11-10,1_0,"[12692, 405082, 584853, 585046, 585840, 587180, 406085]",7,Zona B1
2025-11-11,0_0,"[557588, 557744, 578385, 580041, 557366, 557410, 557443, 580254, 587016]",9,Zona A1
2025-11-11,1_1,"[17293, 584815, 588648, 17786, 402508, 403810, 405794, 553714, 576575, 580349, 587095, 587267, 588104]",13,Zona B2
2025-11-13,1_0,"[404862, 405423, 583451, 587045, 588072]",5,Zona B1
2025-11-13,1_3,"[401893, 581095, 583347, 403493, 405228, 405597, 581261, 582004, 582326, 583346, 586046]",11,Zona B4
2025-11-15,1_0,"[12079, 584913, 588565]",3,Zona B1
2025-11-16,1_0,"[16182, 401437, 580342, 585375]",4,Zona B1
2025-11-17,1_0,"[12693, 403767, 580048, 584243]",4,Zona B1
2025-11-18,1_0,"[405596, 557973, 585166]",3,Zona B1
2025-11-18,0_0,"[557411, 584670, 603616, 557276, 557277, 584147, 586591, 586937, 605299]",9,Zona A1
2025-11-19,1_0,"[11706, 15431, 587403]",3,Zona B1
2025-11-20,1_0,"[400474, 403511, 404808, 404810, 577865, 584565, 584786, 588548]",8,Zona B1
2025-11-20,3,"[400859, 404913, 587127, 12867, 16117, 580964, 581986, 583277, 587956]",9,Zona D
2025-11-21,0_0,"[557877, 558246, 587369, 552192, 557914, 557985, 558295, 578480, 584687, 585011]",10,Zona A1
2025-11-21,0_3,"[555390, 557574, 557797, 581287, 587862, 557223, 558172, 576457, 583169, 585040, 587733]",11,Zona A4
2025-11-21,2,"[405069, 405926, 585158, 403453, 403786, 582058, 582104, 582471, 584181, 585484, 586205, 587260]",12,Zona C
2025-11-22,0_1,"[16201, 403522, 405031, 576568, 10871, 16881, 401983, 402766, 575723, 582188, 588913]",11,Zona A2
2025-11-24,0_3,"[550920, 557644, 584373, 557288, 557940]",5,Zona A4
2025-11-25,0_1,"[402008, 402841, 584127]",3,Zona A2
2025-11-26,1_0,"[10552, 580350, 588835, 17758, 584818, 587868]",6,Zona B1
2025-11-27,1_0,"[13520, 17792, 405723, 405804, 406515]",5,Zona B1
2025-11-28,1_0,"[401829, 404426, 405059, 405546, 587775, 588700]",6,Zona B1
2025-11-28,0_1,"[402002, 405404, 577965, 582767, 402249]",5,Zona A2
2025-11-29,0_1,"[401489, 403905, 406428, 585206, 401714, 404601]",6,Zona A2
2025-11-29,1_0,"[401515, 582443, 585984, 587325, 404166, 587941]",6,Zona B1
2025-12-01,1_3,"[402898, 577169, 588525, 405228, 405701, 581095, 582004, 585351, 586729, 587531]",10,Zona B4
2025-12-02,0_3,"[555747, 557879, 581308, 557173, 557537, 577781, 583593, 583743, 588249, 604226]",10,Zona A4
2025-12-02,1_0,"[578649, 585381, 587730, 13394, 584853]",5,Zona B1
2025-12-03,1_0,"[401918, 406237, 577452, 577726, 588041, 404639, 585779]",7,Zona B1
2025-12-04,0_1,"[580233, 587857, 587909, 16831, 401985, 402984, 403192, 404593, 405917, 405940, 405945, 577531, 584169, 584681, 604715]",15,Zona A2
2025-12-06,1_0,"[15743, 17353, 400672, 406249, 401772, 404870]",6,Zona B1
2025-12-06,1_1,"[401105, 553714, 588649, 400384, 401911, 404272, 405281, 584086, 587041]",9,Zona B2
2025-12-08,1_0,"[576957, 583740, 584393, 584885, 586938]",5,Zona B1
2025-12-09,1_0,"[15565, 405782, 584353, 588661]",4,Zona B1
2025-12-10,2,"[401342, 581987, 587436, 14240, 401964, 403069, 403160, 405636]",8,Zona C
2025-12-10,1_0,"[405499, 580462, 588207]",3,Zona B1
2025-12-11,1_0,"[15745, 403445, 577823, 587355, 587403]",5,Zona B1
2025-12-12,1_0,"[10515, 401615, 578388]",3,Zona B1
2025-12-13,1_0,"[401053, 587849, 588499]",3,Zona B1
2025-12-14,1_0,"[17338, 401108, 402296]",3,Zona B1
2025-12-14,2,"[14971, 584160, 603922, 405261, 405290, 583444]",6,Zona C
2025-12-15,0_0,"[557366, 557597, 558101, 554269, 557247, 557410, 557697, 557981, 585950]",9,Zona A1
2025-12-15,1_0,"[12740, 575690, 576715, 584059]",4,Zona B1
2025-12-16,0_0,"[557674, 558125, 577316, 584687]",4,Zona A1
2025-12-16,0_1,"[401040, 401370, 406246, 400393, 404734, 584503, 585979, 587642]",8,Zona A2
2025-12-16,1_0,"[401698, 402587, 404550, 406433, 587035, 604065]",6,Zona B1
2025-12-17,1_0,"[10552, 557954, 578626, 586714, 588656]",5,Zona B1
2025-12-18,1_0,"[13570, 401692, 403794]",3,Zona B1
2025-12-19,1_0,"[14342, 404015, 405596, 580318, 584577, 587019]",6,Zona B1
2025-12-21,0_1,"[402376, 402638, 405941, 17728, 402919, 404068, 405440, 405919, 577222, 580233, 582563, 584593, 588494]",13,Zona A2
2025-12-22,1_0,"[405451, 575734, 584134, 584853, 575771, 582157]",6,Zona B1
2025-12-24,0_0,"[557571, 558371, 587873, 553948, 557994, 581190, 587250, 605299]",8,Zona A1
2025-12-25,1_0,"[400323, 403720, 587551, 582775, 584886, 587452]",6,Zona B1
2025-12-27,1_0,"[13944, 581844, 587941, 403706, 405812]",5,Zona B1
2025-12-27,1_1,"[16248, 405874, 588075, 588597, 16377, 403529, 405794, 553714, 580349, 585391, 587147, 587723]",12,Zona B2
2025-12-29,0_3,"[555747, 581308, 585702, 578223, 581297, 583169, 585348]",7,Zona A4
2025-12-30,1_0,"[400877, 406440, 580350, 405547, 575358, 577726, 578121, 587971]",8,Zona B1
2025-12-31,1_1,"[10619, 582303, 584446, 400357]",4,Zona B2
2025-12-31,1_3,"[581095, 586046, 587348, 404884, 405228, 585842, 586610]",7,Zona B4
2026-01-01,1_1,"[15614, 403909, 405084, 578110, 587321]",5,Zona B2
2026-01-01,0_0,"[557443, 558076, 587654, 554071, 557243, 557844, 558053, 558106, 558246, 577070, 588445, 603616]",12,Zona A1
2026-01-01,0_3,"[557513, 557940, 604226]",3,Zona A4
2026-01-02,0_1,"[400751, 402106, 577302, 10500, 12875, 17814, 401240, 401427, 402002, 405964, 406484, 575799, 576691, 582767, 585933, 585934, 587909]",17,Zona A2
2026-01-03,1_0,"[17195, 557578, 584344, 584363, 401074, 401772, 403937, 405831, 584896, 587084, 587403]",11,Zona B1
2026-01-03,1_1,"[401092, 404927, 583964, 585079, 11384, 13631, 401911, 557503, 575953, 582446]",10,Zona B2
2026-01-06,0_3,"[555390, 557574, 558391, 557017, 557923, 558163, 581287, 584811]",8,Zona A4
2026-01-06,2,"[406273, 581987, 585181, 17010, 401612, 403069, 405475, 405926, 583996, 584043, 586311, 604199]",12,Zona C
2026-01-09,1_0,"[401065, 586733, 588565, 10847, 400705]",5,Zona B1
2026-01-10,0_3,"[550777, 557657, 583333, 557525, 557673, 578617]",6,Zona A4
2026-01-10,1_0,"[402750, 585377, 587983]",3,Zona B1
2026-01-12,1_0,"[12693, 405630, 577865, 584504, 587180]",5,Zona B1
2026-01-13,2,"[405988, 582776, 583736, 400980, 401342, 403453, 586515, 587999]",8,Zona C
2026-01-13,1_0,"[579909, 584786, 587676]",3,Zona B1
2026-01-14,0_3,"[557348, 558224, 585302, 578360]",4,Zona A4
2026-01-14,1_0,"[401715, 403209, 587868, 588700, 406249, 576486]",6,Zona B1
2026-01-17,0_0,"[555436, 558401, 584687, 586576, 553497, 557420, 557469, 557744, 557824, 576202, 585950]",11,Zona A1
2026-01-17,0_1,"[401949, 404869, 405656, 14643, 401714, 402008, 402851, 404543, 405466, 406140, 406246, 576851, 583047, 584169]",14,Zona A2
2026-01-17,0_3,"[550920, 558241, 558274, 553783, 584373]",5,Zona A4
2026-01-17,1_0,"[406239, 583213, 587730, 558127, 578037]",5,Zona B1
2026-01-18,1_0,"[401045, 403252, 558205, 585473, 585717]",5,Zona B1
2026-01-19,0_0,"[555339, 557366, 558365, 581727, 587017]",5,Zona A1
2026-01-19,0_3,"[557439, 585701, 586406]",3,Zona A4
2026-01-19,1_0,"[11824, 13571, 14998, 405596, 557973, 587134]",6,Zona B1
2026-01-19,1_1,"[14187, 551552, 584815, 587062, 12244, 15626, 17293, 401236, 403003, 404269, 404272, 576575, 582562]",13,Zona B2
2026-01-20,0_1,"[401370, 401894, 587517, 402354, 402766, 577314]",6,Zona A2
2026-01-20,0_0,"[557277, 557444, 557714, 557804, 558295]",5,Zona A1
2026-01-22,0_0,"[557026, 557442, 557446, 551241, 557440, 557981, 558101, 558425, 578385, 585190]",10,Zona A1
2026-01-23,1_0,"[405082, 579970, 584558, 587941, 11284, 17264, 583167]",7,Zona B1
2026-01-24,0_3,"[557327, 576457, 582638, 555747, 557227, 558137, 581308, 583169]",8,Zona A4
2026-01-25,0_1,"[16201, 586294, 588755, 604715, 406043, 588380]",6,Zona A2
2026-01-25,1_0,"[401076, 404768, 584622, 15262, 585343]",5,Zona B1
2026-01-27,1_0,"[10604, 400637, 400944, 557954, 580342]",5,Zona B1
2026-01-27,1_3,"[578166, 583179, 587765, 403008, 405359, 575778, 576943, 581095, 581261, 583347, 585194, 585351, 588525]",13,Zona B4
2026-01-28,1_0,"[12692, 403042, 588207]",3,Zona B1
2026-01-29,0_1,"[401985, 582188, 587857]",3,Zona A2
2026-01-29,1_0,"[401061, 404411, 404810, 585166, 585560, 603830]",6,Zona B1
2026-01-30,1_0,"[16362, 403767, 406433, 577726, 586776, 604065]",6,Zona B1
2026-01-31,1_0,"[16182, 405423, 405789, 580462, 585083, 586529, 587799]",7,Zona B1
2026-02-02,0_1,"[402002, 578624, 582767, 16331, 402832, 403590, 576568, 577372, 581139, 583539, 584503, 585394, 587909, 588913]",14,Zona A2
2026-02-02,1_0,"[403234, 580350, 588072]",3,Zona B1
2026-02-03,1_0,"[400672, 401053, 401772, 584577, 587398]",5,Zona B1
2026-02-03,1_1,"[588110, 588308, 588597, 401092, 401236, 405794, 577895, 581886, 582340, 582653]",10,Zona B2
2026-02-03,2,"[405069, 584770, 587260, 400318, 405607, 581987, 587501, 603922]",8,Zona C
2026-02-04,1_0,"[400356, 404166, 582443, 585779, 575771, 582645]",6,Zona B1
2026-02-04,2,"[582471, 583410, 584847, 11395, 403069, 405636, 582678]",7,Zona C
2026-02-06,0_0,"[557819, 557877, 558432, 553130, 554228, 554233, 557061, 557368, 558354, 588060, 605299]",11,Zona A1
2026-02-06,0_3,"[557940, 557945, 558423, 550920, 557190, 557332, 558131, 576459, 577781, 587733, 588249, 588899, 604226]",13,Zona A4
2026-02-06,1_0,"[17466, 400498, 404550, 588499, 17758, 405782, 576715]",7,Zona B1
2026-02-07,0_0,"[557410, 557817, 558246, 557384]",4,Zona A1
2026-02-09,0_0,"[557476, 586580, 586674, 554269, 557726, 558175, 576660, 580254, 584687]",9,Zona A1
2026-02-12,1_0,"[580188, 586898, 588234, 17792, 557679, 577856, 583451]",7,Zona B1
2026-02-13,1_0,"[402498, 404015, 404862, 576957]",4,Zona B1
2026-02-13,2,"[403160, 405475, 586311, 604199, 402797, 576261, 576628, 585181, 585484, 585937, 586205]",11,Zona C
2026-02-14,1_0,"[15431, 15587, 404276, 400993, 578750]",5,Zona B1
2026-02-17,1_0,"[17353, 401515, 401698, 575690, 587650]",5,Zona B1
2026-02-18,1_0,"[15778, 401829, 405871, 585340, 586240, 586251]",6,Zona B1
2026-02-19,0_0,"[557443, 557802, 586591, 557120, 557366, 557597, 558187, 558386, 585950, 587250]",10,Zona A1
2026-02-19,1_0,"[401108, 405596, 576527, 585547, 587941, 406287, 587971]",7,Zona B1
2026-02-20,0_1,"[404593, 406321, 584169, 17728, 400768, 401486, 402376, 402377, 403281, 406246, 587480]",11,Zona A2
2026-02-21,0_3,"[555747, 557574, 580781, 581308, 557105, 557106, 557107, 557223, 557644, 558243, 581287, 583743, 586283, 586603, 587418]",15,Zona A4
2026-02-21,1_0,"[11706, 406440, 406515, 586496]",4,Zona B1
2026-02-23,1_0,"[16100, 404870, 582766, 584818, 406249, 588548]",6,Zona B1
2026-02-23,0_1,"[401059, 403522, 588494, 13341, 401370, 401714, 402984, 575723]",8,Zona A2
2026-02-25,2,"[405926, 582776, 585158, 14240, 401342, 403453, 576952, 578628, 582168]",9,Zona C
2026-02-26,1_0,"[401200, 401533, 575734]",3,Zona B1
2026-02-27,1_0,"[404191, 578626, 581844, 577726]",4,Zona B1
2026-02-28,0_0,"[557812, 580265, 603616, 552331, 554160, 557468, 557610, 557697, 557753, 557985, 558053, 558072, 584147, 588362]",14,Zona A1
2026-03-01,1_0,"[15046, 557578, 577727, 405012, 588700]",5,Zona B1
2026-03-04,1_0,"[401772, 404441, 406237, 585840, 587730, 588656, 587019]",7,Zona B1
2026-03-05,1_0,"[577865, 585477, 588565]",3,Zona B1
2026-03-06,0_1,"[576691, 577965, 586878, 16656, 16831, 402002, 402008, 405523, 582767, 584716, 587642, 587909, 588303]",13,Zona A2
2026-03-06,1_0,"[15743, 17338, 406271, 584786, 584886, 587868]",6,Zona B1
2026-03-08,1_0,"[400877, 404639, 580350, 587296, 588661]",5,Zona B1
2026-03-09,1_0,"[12693, 403937, 557954, 584393, 10847, 400486, 585375]",7,Zona B1
2026-03-10,0_0,"[555146, 557117, 557970, 558165, 586937, 557068, 557397, 557410]",8,Zona A1
2026-03-10,1_1,"[404272, 582446, 584887, 405281, 576575, 578013, 582743, 588597, 588649]",9,Zona B2
2026-03-14,1_0,"[15565, 405499, 585381, 587355, 400986, 405547, 575358, 585017, 585603]",9,Zona B1
2026-03-15,0_0,"[557744, 587369, 605299, 557276, 558101, 584670]",6,Zona A1
2026-03-16,0_1,"[406246, 575871, 604715, 403423, 405945, 406484, 577302, 577531, 585919]",9,Zona A2
2026-03-16,1_0,"[406433, 406477, 587180, 604065, 584059]",5,Zona B1
2026-03-18,0_0,"[558246, 582954, 587016, 557441, 557981]",5,Zona A1
2026-03-18,1_0,"[401118, 401615, 584134, 585403, 588207]",5,Zona B1
2026-03-19,1_0,"[14771, 403511, 405059, 405337]",4,Zona B1
2026-03-20,0_0,"[557243, 558295, 558301, 586234, 557846]",5,Zona A1
2026-03-20,1_0,"[400474, 404650, 405831, 584577]",4,Zona B1
2026-03-22,1_0,"[405596, 585046, 585984, 403662, 575771]",5,Zona B1
2026-03-22,0_1,"[10953, 401985, 404980, 404196, 576841, 587132, 587857]",7,Zona A2
2026-03-24,0_0,"[557914, 580041, 585950, 554999, 555932, 557277, 557366, 557459, 557588, 558229, 584840, 585200]",12,Zona A1
2026-03-24,1_0,"[400323, 405451, 580462, 557973, 578121, 585038]",6,Zona B1
2026-03-28,1_0,"[16582, 400705, 587452, 13802, 401053, 404550, 583740]",7,Zona B1
2026-03-30,0_1,"[12992, 16201, 402685, 585934, 401370, 402766, 402919]",7,Zona A2
2026-03-30,0_3,"[557354, 557850, 577781, 584811, 558391, 576457, 576459, 580244, 585672, 586406, 586650]",11,Zona A4
2026-04-01,0_1,"[577222, 584169, 584503, 12562, 405964]",5,Zona A2
2026-04-02,1_0,"[405630, 576715, 584243, 588499, 405670, 584353]",6,Zona B1
2026-04-03,1_0,"[400672, 405040, 575510, 585377]",4,Zona B1
2026-04-04,1_0,"[402296, 583176, 588835, 406249]",4,Zona B1
2026-04-06,1_0,"[11824, 404810, 576486, 578649]",4,Zona B1
2026-04-07,1_0,"[14998, 404659, 405082, 585717, 585779]",5,Zona B1
2026-04-08,1_0,"[402118, 405546, 580318, 587775]",4,Zona B1
2026-04-09,0_0,"[557061, 557368, 557443, 580509, 557181, 557674, 558273, 558365, 578480]",9,Zona A1
2026-04-09,0_1,"[402002, 404869, 582188, 582767, 588755]",5,Zona A2
2026-04-09,1_0,"[17195, 580342, 584558]",3,Zona B1
2026-04-09,2,"[582104, 582776, 584770, 14049, 14971, 401612, 403453, 405636, 405926, 405988, 581525, 584043, 587260]",13,Zona C
2026-04-10,1_0,"[12172, 401074, 404015, 405782, 406085]",5,Zona B1
2026-04-11,0_0,"[553948, 557518, 587250, 554269, 557216, 587017]",6,Zona A1
2026-04-11,0_1,"[17728, 401714, 587909, 10871, 15428, 401220, 576568, 577314, 583047]",9,Zona A2
2026-04-11,0_3,"[555220, 558168, 581287, 557017, 557047, 557466, 557574, 558275, 578223, 581297, 583169, 585302, 604226]",13,Zona A4
2026-04-11,1_0,"[401715, 404166, 580350, 585166, 12740, 582443]",6,Zona B1
2026-04-13,1_0,"[403445, 586733, 586938]",3,Zona B1
2026-04-14,1_0,"[10515, 403767, 587971]",3,Zona B1
2026-04-15,1_0,"[13394, 17264, 406440]",3,Zona B1
2026-04-18,1_0,"[405943, 584885, 586663, 588700, 12692, 16182]",6,Zona B1
2026-04-19,1_0,"[557954, 586714, 587730]",3,Zona B1
2026-04-20,1_0,"[11770, 401061, 403720, 405423, 558205, 587084, 587325]",7,Zona B1
2026-04-21,1_0,"[401698, 406256, 576957]",3,Zona B1
2026-04-22,1_0,"[17758, 403252, 404426, 575690, 587705, 579909, 588072]",7,Zona B1
2026-04-24,0_0,"[557877, 586576, 605299, 557417, 557772, 578385, 581190, 603616]",8,Zona A1
2026-04-24,0_1,"[17814, 402376, 404601, 12578, 400393, 401240, 402008, 402142, 405404, 405917, 405940, 405941, 406428, 578624, 588380, 588494]",16,Zona A2
2026-04-24,1_0,"[12813, 577823, 577874, 585821]",4,Zona B1
2026-04-24,1_1,"[401092, 404272, 557477, 587147, 13673, 14187, 16377, 577705, 582303, 585079, 586917, 588597]",12,Zona B2
2026-04-25,1_0,"[11284, 578037, 585473]",3,Zona B1
2026-04-26,1_0,"[17792, 577865, 584344, 587868]",4,Zona B1
2026-04-26,0_0,"[554071, 558101, 558246, 557994, 583315, 585950]",6,Zona A1
2026-04-27,1_0,"[13570, 401108, 557578, 584786, 585083, 587035]",6,Zona B1
2026-04-29,1_0,"[15082, 405723, 578388, 588565]",4,Zona B1
2026-04-30,1_0,"[401692, 402587, 406433, 581844, 604065]",5,Zona B1
2026-05-01,1_0,"[15262, 17353, 582157, 11617, 587790]",5,Zona B1
2026-05-02,0_0,"[557387, 558425, 588445, 557446, 558053]",5,Zona A1
2026-05-03,1_0,"[405394, 406239, 575734, 12693, 585343]",5,Zona B1
2026-05-04,0_0,"[557366, 557597, 557981, 580512, 586854, 557026, 557030, 557034, 557824, 558386, 588060]",11,Zona A1
2026-05-05,0_1,"[401370, 404567, 604715, 402249, 402851, 576691, 579979, 585206, 588913]",9,Zona A2
2026-05-06,1_1,"[17009, 401911, 402625, 557165, 404269, 405794, 582446, 582653, 585391, 587062]",10,Zona B2
2026-05-06,1_0,"[584577, 586776, 588207]",3,Zona B1
2026-05-09,1_0,"[401045, 404768, 584948, 401515, 575771, 578626, 583451]",7,Zona B1
2026-05-11,0_1,"[403192, 404593, 576851, 583539, 584169]",5,Zona A2
2026-05-11,1_0,"[401829, 403937, 578565]",3,Zona B1
2026-05-12,1_0,"[10847, 15431, 405812, 14233]",4,Zona B1
2026-05-14,1_0,"[403794, 404870, 579802, 579970, 586314, 587045]",6,Zona B1
2026-05-14,0_1,"[16331, 402984, 584593, 401985]",4,Zona A2
2026-05-15,0_1,"[405656, 405919, 406484, 585979]",4,Zona A2
2026-05-15,1_0,"[400877, 406249, 580462, 584886, 587019, 404862]",6,Zona B1
2026-05-17,0_1,"[400751, 401427, 575799, 577372]",4,Zona A2
2026-05-18,1_0,"[13944, 401053, 406515, 587180, 587398]",5,Zona B1
2026-05-19,1_0,"[14342, 401093, 404411, 587983, 17466, 404550, 588656]",7,Zona B1
2026-05-21,0_1,"[404081, 577222, 587857, 10500, 401949]",5,Zona A2
2026-05-22,2,"[582678, 582776, 587436, 14240, 17010, 402859, 585484]",7,Zona C
2026-05-24,1_0,"[405804, 557679, 575358, 587849, 403706, 584896]",6,Zona B1
2026-05-25,0_1,"[401040, 401714, 584503, 402353, 577302]",5,Zona A2
2026-05-25,1_0,"[401076, 584565, 584818]",3,Zona B1
2026-05-26,1_0,"[11706, 405547, 576715, 17338, 588499]",5,Zona B1
2026-05-27,0_1,"[402841, 403522, 584127, 16831, 402832, 403590, 575723, 582563, 587642]",9,Zona A2
2026-05-28,0_0,"[557277, 557443, 587654, 554233, 557469, 557571, 557812, 557985, 586591]",9,Zona A1
2026-05-28,1_0,"[400498, 586898, 588548, 557954, 557973, 582775]",6,Zona B1
2026-06-01,2,"[405926, 405980, 576628, 585937, 400980, 402797, 403453, 403963, 583996, 584160, 586311]",11,Zona C
2026-06-03,1_0,"[16734, 405831, 406237, 400672]",4,Zona B1
2026-06-04,0_0,"[558076, 558125, 558246, 554572, 557243, 557397, 576202, 585011, 585190, 587250, 605299]",11,Zona A1
2026-06-04,1_0,"[15743, 400944, 402750, 587730, 588700]",5,Zona B1
2026-06-05,1_0,"[404015, 404808, 588661, 587971]",4,Zona B1
2026-06-06,0_1,"[13341, 16881, 402106, 16201, 17728, 401894, 402008, 402766, 586294]",9,Zona A2
2026-06-06,0_3,"[557439, 578360, 585701, 586406, 550777, 557288, 557513, 557537, 557627, 558224, 558391, 576457]",12,Zona A4
2026-06-08,1_0,"[406287, 584393, 585779, 406440, 578750, 586529]",6,Zona B1
2026-06-10,1_0,"[15587, 404639, 405782, 588234]",4,Zona B1
2026-06-11,1_1,"[403003, 557503, 575953, 401911, 404272, 405281, 577895, 584446, 584815, 588104, 588648]",11,Zona B2
2026-06-11,0_0,"[557061, 557442, 557802, 552192, 554269, 555339, 557368, 557714, 557804, 557817, 557819, 557844, 558101, 558365, 577316, 581727, 603616]",17,Zona A1
2026-06-12,0_1,"[401059, 402377, 577965, 401489, 405466, 581257, 588755]",7,Zona A2
2026-06-12,1_0,"[404810, 577452, 584134, 585547, 586496, 401065, 586251]",7,Zona B1
2026-06-13,0_3,"[557223, 558163, 588899, 557672, 558274, 587418]",6,Zona A4
2026-06-14,1_0,"[13571, 400356, 406433, 604065]",4,Zona B1
2026-06-15,1_0,"[400705, 587355, 603830]",3,Zona B1
2026-06-16,1_0,"[15745, 404166, 405499, 587868]",4,Zona B1
2026-06-17,1_0,"[12079, 15565, 402498, 404276, 577865, 582766, 584059]",7,Zona B1
2026-06-18,1_0,"[401437, 578121, 582443, 584786, 588041, 585340, 586334]",7,Zona B1
2026-06-20,1_0,"[13520, 404191, 405082, 580342]",4,Zona B1
2026-06-20,0_1,"[401983, 584169, 584716, 14643, 404543, 406140, 582188]",7,Zona A2
2026-06-21,1_0,"[16100, 400323, 401200, 405630, 584577]",5,Zona B1
2026-06-22,1_0,"[11824, 401615, 584363, 584913, 585166]",5,Zona B1
2026-06-23,0_0,"[553130, 557726, 584147, 553497, 557444, 557981, 577070]",7,Zona A1
2026-06-23,1_0,"[401698, 557578, 558127, 575771, 582645, 587676, 588565]",7,Zona B1
2026-06-24,0_3,"[558423, 583593, 584373, 553783, 557106, 557797, 558241, 584410, 584811, 585302]",10,Zona A4
2026-06-24,1_0,"[14998, 405451, 406249, 584558, 585381, 588207]",6,Zona B1
2026-06-24,1_1,"[17293, 405794, 576958, 587147, 10619, 11384, 400357, 404927, 405084, 578013, 588649]",11,Zona B2
2026-06-25,0_1,"[402376, 585798, 588494, 404068, 405945, 577531, 585934, 604715]",8,Zona A2
2026-06-25,1_0,"[575690, 585377, 585717, 403767, 576486, 576957, 585840]",7,Zona B1
2026-06-29,0_1,"[402919, 405964, 406043, 576568, 587517, 403905]",6,Zona A2
2026-06-29,1_0,"[12693, 15046, 583167, 584504]",4,Zona B1
2026-06-30,1_0,"[403209, 585560, 587452, 581844]",4,Zona B1
2026-06-30,0_1,"[404869, 576691, 584681, 400741, 401985, 405031, 405917, 585394, 588303]",9,Zona A2
2026-07-02,1_0,"[16182, 580048, 585375, 400637, 401108]",5,Zona B1
2026-07-02,0_0,"[557753, 558403, 588362, 558053, 579926, 586937]",6,Zona A1
2026-07-03,0_3,"[557017, 557105, 587862, 557574, 557879, 557923, 558137, 576459, 586283, 588249]",10,Zona A4
2026-07-05,1_0,"[12692, 17264, 17758, 580462]",4,Zona B1
2026-07-06,0_0,"[558187, 558401, 578385, 584670]",4,Zona A1
2026-07-07,0_0,"[551241, 557276, 587369, 554228, 557846, 557877]",6,Zona A1
2026-07-08,1_0,"[405059, 405423, 575734, 401715]",4,Zona B1
2026-07-09,1_0,"[401053, 587134, 587799]",3,Zona B1
2026-07-10,1_0,"[17792, 401061, 401918, 557954]",4,Zona B1
2026-07-12,1_0,"[404550, 583213, 585477, 588072]",4,Zona B1
2026-07-13,1_0,"[10847, 17353, 400486, 403937, 585984, 17195]",6,Zona B1
2026-07-14,0_0,"[557120, 557440, 558165, 558295, 587017, 557443, 557597, 557744, 558432]",9,Zona A1
2026-07-15,0_3,"[557332, 557945, 558243, 557107, 557227, 557327, 557673, 578223, 581287, 585040, 586603, 587733]",12,Zona A4
2026-07-16,1_0,"[403511, 405871, 557690, 586733, 587296, 401074, 580188]",7,Zona B1
2026-07-18,1_0,"[400474, 400993, 583740, 576715]",4,Zona B1
2026-07-20,1_0,"[10604, 587180, 587730]",3,Zona B1
2026-07-21,1_0,"[558205, 578626, 584353, 588499, 588700, 400877, 584622]",7,Zona B1
2026-07-23,0_0,"[555436, 558101, 558386, 557459, 557914, 582954, 584840, 587016]",8,Zona A1
2026-07-24,1_0,"[402296, 576527, 584886, 585083, 403252, 585017, 586240]",7,Zona B1
2026-07-27,1_0,"[11284, 401515, 580318, 587019, 15778, 16362, 587551]",7,Zona B1
2026-07-29,0_0,"[553948, 557610, 586674, 557441, 557674, 586576, 587250]",7,Zona A1
2026-07-29,1_0,"[406433, 587971, 604065, 400672, 406440]",5,Zona B1
2026-07-30,0_1,"[17728, 404593, 405440, 16201, 400768, 402008, 402354, 402984, 404196, 577302, 578624, 581139, 588380, 588913]",14,Zona A2
2026-07-31,0_0,"[557277, 558371, 603616, 557384, 576660, 580041]",6,Zona A1
2026-08-01,1_0,"[401829, 403042, 557973, 579909, 585046, 585403, 404015, 585473]",8,Zona B1
2026-08-02,1_0,"[404870, 405789, 578037, 405012]",4,Zona B1
2026-08-04,1_0,"[15262, 400986, 575358, 587084, 577856, 584577, 587868, 588656]",8,Zona B1
2026-08-05,2,"[401309, 576261, 587501, 14971, 17010, 583410, 584181, 584847, 587999]",9,Zona C
2026-08-08,0_0,"[554160, 557697, 557981, 558106, 558354, 552331, 558425, 588060]",8,Zona A1
2026-08-08,1_0,"[12740, 405547, 575771, 577865, 15431, 583451]",6,Zona B1
2026-08-09,1_0,"[578649, 584786, 585779]",3,Zona B1
2026-08-09,1_1,"[16248, 405794, 584086, 15269, 404269, 557487, 582303, 582653, 582960, 584163, 584815, 588110]",12,Zona B2
2026-08-10,1_0,"[403234, 405782, 585343, 586776, 401533, 406515, 588207, 588835]",8,Zona B1
2026-08-11,0_1,"[585933, 586878, 587480, 16656, 17814, 401240, 402766, 403281, 404734, 405523, 583539, 604715]",12,Zona A2
2026-08-13,0_0,"[554269, 557061, 580254, 554071, 557026, 557117, 557181, 557368, 557446, 557468, 557588, 578480, 581190, 586580]",14,Zona A1
2026-08-16,2,"[11395, 404773, 578628, 405475, 406273, 584770, 603922, 604199]",8,Zona C
2026-08-17,1_0,"[17338, 405546, 405831, 406239, 584344, 586938, 587775, 588565, 10515, 403445, 403720, 404810, 404862, 406477, 557578, 584243, 586714]",17,Zona B1
2026-08-20,2,"[405636, 584160, 586515, 14240, 405290, 576952, 582104, 583444, 585484]",9,Zona C
2026-08-24,1_0,"[12693, 582443, 584818, 401698, 404166, 404768]",6,Zona B1
2026-08-25,0_1,"[401985, 577372, 588494, 16331, 402376, 402851, 405941, 587642, 588755]",9,Zona A2
2026-08-27,0_1,"[16831, 576691, 582188, 403522]",4,Zona A2
2026-08-27,1_0,"[401118, 580462, 584885]",3,Zona B1
2026-08-28,1_0,"[11706, 13394, 401045, 575690, 585603]",5,Zona B1
2026-08-29,0_1,"[404980, 576841, 577222]",3,Zona A2
2026-08-29,1_0,"[14771, 577727, 588548, 17466, 401053, 580342, 587398]",7,Zona B1
2026-09-02,1_0,"[15743, 400705, 404550, 405082, 406237, 576957, 579970, 585166, 588661, 13570, 404441, 557679, 581844]",13,Zona B1
2026-09-05,0_1,"[10871, 403423, 575723, 576851, 400393, 405940]",6,Zona A2
2026-09-06,1_0,"[404411, 584134, 587650, 588700, 577823]",5,Zona B1
2026-09-07,1_0,"[11824, 406085, 582157, 584393]",4,Zona B1
2026-09-08,1_0,"[401108, 403662, 584558, 587035]",4,Zona B1
2026-09-09,1_0,"[403767, 405630, 587325]",3,Zona B1
2026-09-10,0_1,"[405656, 576568, 584503, 587857, 10953, 405917, 585919]",7,Zona A2
2026-09-10,1_0,"[14998, 401692, 578121, 586898, 405040, 576715]",6,Zona B1
2026-09-12,1_0,"[402587, 404639, 575734, 585717, 10847]",5,Zona B1
2026-09-14,1_0,"[403937, 404426, 578388, 588499, 576486]",5,Zona B1
2026-09-16,1_0,"[16182, 400498, 404650, 585377, 587355, 17758, 584059]",7,Zona B1
2026-09-18,0_1,"[13341, 406484, 577965, 17728, 401949, 402008, 402832, 404601, 404869, 406428, 585934]",11,Zona A2
2026-09-18,1_0,"[400323, 405337, 405499]",3,Zona B1
2026-09-21,1_0,"[16582, 406440, 587180, 15565, 587971]",5,Zona B1
2026-09-22,1_0,"[12692, 401076, 406271, 17792]",4,Zona B1
2026-09-24,1_0,"[17264, 17353, 405451, 405812, 406287, 583176]",6,Zona B1
2026-09-25,1_0,"[404015, 405423, 587983, 400672, 401615, 587868]",6,Zona B1
2026-09-29,1_0,"[401061, 405723, 577865, 400877]",4,Zona B1
2026-09-29,0_1,"[400751, 401059, 402919, 585206, 402685, 403590, 405404, 405964, 575799]",9,Zona A2
2026-09-30,0_1,"[12578, 401427, 575871, 577314]",4,Zona A2
2026-09-30,1_0,"[584786, 588072, 588207]",3,Zona B1
2026-10-01,0_0,"[557068, 557802, 585200, 557277, 557469, 557877, 557970, 558301, 558386, 580509, 580512, 586234, 587873]",13,Zona A1
2026-10-01,0_1,"[402377, 405919, 584593, 10500, 402142, 402249, 405945, 577531, 604715]",9,Zona A2
2026-10-01,1_0,"[578626, 578750, 586496]",3,Zona B1
2026-10-02,1_0,"[401715, 402118, 584886, 587452, 585547]",5,Zona B1
2026-10-04,1_0,"[15587, 557973, 585381, 13802, 13944, 584896, 586251, 588234]",8,Zona B1
2026-10-08,0_3,"[557466, 584373, 587733, 557554, 557797, 558224, 576457, 583333, 585702, 586603, 588899]",11,Zona A4
2026-10-10,1_0,"[400944, 405782, 585779, 403794, 404191, 582766, 586529, 587019, 588565]",9,Zona B1
2026-10-13,0_1,"[401220, 402766, 577302, 587132, 12562, 16201, 401985, 402984, 403192, 404593, 578624, 583047, 584716, 585979, 586294, 588913]",16,Zona A2
2026-10-15,1_0,"[401515, 557578, 575358, 401200, 403706, 575510]",6,Zona B1
2026-10-15,0_0,"[557061, 557772, 576202, 554269, 557247, 557368, 557817, 557819, 584147, 585190, 586937, 587017]",12,Zona A1
2026-10-18,1_0,"[12813, 17195, 404276, 405670, 580462, 585340, 585840, 586733, 14342, 16100]",10,Zona B1
2026-10-19,1_0,"[12693, 402498, 585083, 15082, 404659]",5,Zona B1
2026-10-21,1_0,"[401053, 404870, 405547, 558205, 588656, 400356, 401829]",7,Zona B1
2026-10-22,0_0,"[557518, 557571, 587654, 557387, 558273]",5,Zona A1
2026-10-22,0_3,"[557439, 585701, 586406, 550777, 555220, 555421, 557106, 557644, 558168, 576459, 576512, 578223, 578360, 585672]",14,Zona A4
2026-10-24,1_0,"[404550, 404810, 585375, 12172, 401074, 585038]",6,Zona B1
2026-10-27,1_0,"[15046, 401698, 402750, 403252, 405059, 577874, 404166]",7,Zona B1
2026-10-28,1_0,"[11284, 405394, 586663]",3,Zona B1
2026-10-29,0_0,"[557442, 557846, 584670, 587369, 588362, 555339, 557276, 557468, 557697, 557726, 557753, 557804, 558053, 558076, 581727, 583315, 586576, 588060]",18,Zona A1
2026-10-31,1_0,"[405831, 575690, 585821, 582443, 603830]",5,Zona B1
2026-11-01,2,"[405607, 576261, 587436, 403786, 581525, 583996, 586515]",7,Zona C
2026-11-02,1_0,"[15431, 405943, 581844, 587849, 576715, 583451, 585984]",7,Zona B1
2026-11-05,0_1,"[582188, 587857, 588755, 15428, 401040, 402106, 404567, 405466, 582563, 584503, 587642, 588380]",12,Zona A2
2026-11-07,1_0,"[13571, 15262, 17338, 406515, 582775, 583740, 585473]",7,Zona B1
2026-11-08,1_0,"[576957, 582645, 588499]",3,Zona B1
2026-11-09,1_0,"[578037, 579909, 587790, 584353]",4,Zona B1
2026-11-10,2,"[401309, 587260, 587999, 14240, 403160, 584160]",6,Zona C
2026-11-12,1_0,"[402296, 403511, 584948, 580342, 585166, 587045]",6,Zona B1
2026-11-12,1_1,"[15614, 557503, 575953, 16185, 404153, 582653, 584446]",7,Zona B2
2026-11-14,1_0,"[10847, 400486, 401108, 580318, 586776]",5,Zona B1
2026-11-15,1_0,"[400474, 401065, 405082]",3,Zona B1
2026-11-16,1_0,"[403937, 404862, 585343, 406256, 575734]",5,Zona B1
2026-11-17,0_3,"[557047, 558274, 577781, 553783, 553968, 554343, 558163, 558172, 558241, 558391, 577712, 580443, 585040, 588249]",14,Zona A4
2026-11-17,1_1,"[557165, 582303, 587095, 576575, 577705]",5,Zona B2
2026-11-17,0_0,"[557674, 557914, 558165, 587250, 553130, 553948, 557034, 557243, 557417, 557444, 557459, 557714, 557744, 557812, 580254]",15,Zona A1
2026-11-18,1_0,"[405804, 585477, 587084, 400705, 404015]",5,Zona B1
2026-11-21,0_0,"[553497, 557446, 558125, 586854, 557030, 558187, 558426, 584840, 587016]",9,Zona A1
2026-11-21,1_1,"[17293, 402625, 582446, 17009]",4,Zona B2
2026-11-23,1_0,"[11770, 11824, 584558, 584818, 587180, 587296, 400672, 403767, 584565, 587705]",10,Zona B1
2026-11-26,0_1,"[16331, 402841, 404543, 584127, 14643, 16831, 17814, 403522, 406043, 406140, 406484, 576568, 577372, 583539, 585394]",15,Zona A2
2026-11-30,1_0,"[11706, 17758, 585717, 588548, 588661, 14998, 405630, 558127, 585560]",9,Zona B1
2026-12-01,0_0,"[557985, 582954, 586591, 557026, 557277, 557397, 557441, 557597, 557844, 558175, 581190]",11,Zona A1
2026-12-01,1_0,"[15743, 16182, 406239, 584134, 587676, 406237, 578565]",7,Zona B1
2026-12-03,1_0,"[404768, 578121, 585017, 12740, 400877, 576486, 583167]",7,Zona B1
2026-12-07,1_0,"[17792, 400637, 557973, 584393, 17353, 579802]",6,Zona B1
2026-12-08,1_0,"[403720, 584344, 585377, 584363]",4,Zona B1
2026-12-11,0_0,"[557877, 577316, 578385, 551241, 554071, 554228, 554269, 557061, 557120, 577070, 580041, 585011]",12,Zona A1
2026-12-11,0_1,"[16201, 401486, 404869, 401240, 402353, 402851, 404081, 404196, 575723, 585934, 587517]",11,Zona A2
2026-12-11,1_0,"[405871, 557578, 584886, 585046, 585779, 12692, 405782]",7,Zona B1
2026-12-12,1_0,"[17466, 578626, 578649, 587398, 405423]",5,Zona B1
2026-12-14,1_0,"[17264, 403209, 557679, 584504]",4,Zona B1
2026-12-15,1_0,"[403445, 404639, 585403, 587799]",4,Zona B1
2026-12-16,1_0,"[10515, 11617, 400323, 401045, 586314]",5,Zona B1
2026-12-18,1_0,"[400993, 584059, 587355, 588835]",4,Zona B1
2026-12-19,1_0,"[401061, 404808, 580188, 588072]",4,Zona B1
2026-12-19,2,"[17010, 400318, 405290, 582168, 582678, 583444, 583838, 584770, 585041]",9,Zona C
2026-12-20,1_0,"[15745, 577452, 587019]",3,Zona B1
2026-12-21,1_0,"[405499, 586714, 586938, 579970]",4,Zona B1
2026-12-23,0_1,"[16881, 577302, 577314, 402766, 404068, 405964, 406321, 576691]",8,Zona A2
2026-12-25,0_1,"[405941, 577965, 588494, 13341, 401489, 402376, 402919, 576851]",8,Zona A2
2026-12-25,1_0,"[404411, 405451, 586240, 587134, 15565, 586898]",6,Zona B1
2026-12-26,1_0,"[405546, 575358, 576527, 587775, 400986, 401715]",6,Zona B1
2026-12-29,1_3,"[404278, 405701, 575778, 582326, 583347, 585194, 585351, 587765]",8,Zona B4
2026-12-31,1_0,"[15778, 401615, 404166, 401698, 404810, 584243, 588041]",7,Zona B1
2027-01-01,1_1,"[12244, 557477, 588648, 400357, 401105, 401539, 403231, 403909, 584815, 588075, 588308, 588649]",12,Zona B2
2027-01-03,1_0,"[401515, 405547, 575690, 581844, 16734, 401093]",6,Zona B1
2027-01-04,1_0,"[405012, 583213, 587452]",3,Zona B1
2027-01-05,1_0,"[400498, 582443, 584885, 588656]",4,Zona B1
2027-01-06,0_1,"[400768, 402832, 402984, 404593, 405656, 588913, 581139]",7,Zona A2
2027-01-06,0_3,"[557627, 557673, 557923, 557190, 557223, 557327, 580781, 584410, 586406]",9,Zona A4
2027-01-10,1_0,"[10604, 13394, 406287, 13520, 13570, 401829, 404870]",7,Zona B1
2027-01-13,0_1,"[12875, 405523, 577531, 405945, 578624, 582188, 583047]",7,Zona A2
2027-01-14,1_0,"[405831, 406477, 576957, 582157, 585083, 585381, 10847, 12079, 577823, 584622]",10,Zona B1
2027-01-16,0_1,"[16656, 401059, 586878, 400393, 401983, 405940, 588755]",7,Zona A2
2027-01-16,1_1,"[17786, 576575, 578110, 14187, 15626, 16377, 551552, 577895, 581886, 587723, 588104]",11,Zona B2
2027-01-18,0_0,"[552331, 554572, 557117, 554160, 557420, 557697, 557744, 557802, 558365, 576660, 586674]",11,Zona A1
2027-01-20,1_0,"[401076, 401108, 586496, 586733, 401437, 401692, 403937, 558205, 587035]",9,Zona B1
2027-01-21,0_1,"[401949, 403590, 584681, 10871, 402377, 403905, 405917, 406484]",8,Zona A2
2027-01-22,1_0,"[17195, 575734, 580342, 16362, 402587, 578750, 585166, 585547, 587180]",9,Zona B1
2027-01-28,1_0,"[15431, 15587, 17338, 401533, 405082, 577856, 584913]",7,Zona B1
2027-01-29,1_0,"[11284, 401074, 403252, 586251, 587325, 578388]",6,Zona B1
2027-02-01,1_0,"[404191, 405789, 583451, 587983, 588234, 403042, 406515, 582766]",8,Zona B1
2027-02-03,0_1,"[575799, 576568, 576841, 402354, 404980, 406428, 584716, 587480, 587642, 588380]",10,Zona A2
2027-02-06,1_0,"[401200, 404426, 405812, 11824, 14771, 400705, 401118, 403767, 406085, 584558]",10,Zona B1
2027-02-08,2,"[405069, 405980, 587501, 14049, 14240, 401309, 403963, 576952, 581525, 582471, 583410, 584160]",12,Zona C
2027-02-08,0_0,"[557277, 557597, 557817, 586576, 586937, 588060]",6,Zona A1
2027-02-10,1_0,"[15262, 585473, 585603, 16100, 17758, 400877, 557973, 585840]",8,Zona B1
2027-02-11,0_0,"[557812, 558425, 580254, 580265, 557061, 557469, 557819, 557846, 558229, 558354, 585190, 587873]",12,Zona A1
2027-02-12,0_1,"[402638, 403281, 581257, 10500, 16201, 400751, 401427, 404601, 405031, 405919, 584593, 586294]",12,Zona A2
2027-02-12,0_3,"[582638, 587862, 588899, 557534, 557879]",5,Zona A4
2027-02-15,1_0,"[16182, 400944, 403234, 405059, 585375, 14998, 401918, 580048, 586334]",9,Zona B1
2027-02-16,1_0,"[404862, 405630, 578037, 585340, 586529]",5,Zona B1
2027-02-17,0_3,"[580244, 584811, 584978, 557106, 557354, 576457, 586603]",7,Zona A4
2027-02-17,1_0,"[17353, 579909, 585717]",3,Zona B1
2027-02-18,1_0,"[404276, 584896, 586776, 405040, 584886]",5,Zona B1
2027-02-20,1_0,"[14233, 17792, 402498]",3,Zona B1
2027-02-22,1_0,"[578626, 584818, 585343]",3,Zona B1
2027-02-24,1_0,"[15046, 403662, 576486, 585984, 587551]",5,Zona B1
2027-02-25,1_0,"[578121, 583740, 584134, 12692, 13944, 577727, 588661]",7,Zona B1
2027-02-26,0_0,"[555932, 557877, 580512, 586580, 557216, 557276, 557368, 557446, 557753, 558403, 576202, 578385, 579926, 584670, 587369, 588362]",16,Zona A1
2027-03-01,1_0,"[15743, 400356, 405723, 585377, 405423, 584353]",6,Zona B1
2027-03-03,1_0,"[402296, 406237, 587019, 588548]",4,Zona B1
2027-03-04,0_1,"[16331, 577302, 583539, 10953, 400741, 403522, 404869, 585206, 585934]",9,Zona A2
2027-03-04,1_0,"[11706, 403794, 580318, 587084, 17264, 404166, 404441, 404810, 575358, 584393, 588072]",11,Zona B1
2027-03-06,0_0,"[554999, 557459, 586591, 553948, 557397, 557674, 557726, 557985, 558072, 558175, 558371, 558386]",12,Zona A1
2027-03-09,0_3,"[550777, 557047, 557439, 585701, 586406, 557105, 557554, 585040]",8,Zona A4
2027-03-11,1_3,"[403493, 577185, 585351, 402898, 405359]",5,Zona B4
2027-03-13,0_1,"[12578, 401894, 402249, 405440, 577372, 585798]",6,Zona A2
2027-03-15,1_0,"[400323, 400474, 404650, 401061, 403511, 403706, 582443, 583176, 603830]",9,Zona B1
2027-03-17,1_0,"[14342, 16582, 404768, 406239, 400486, 402750, 404639, 405337, 405547, 584059, 587355]",11,Zona B1
2027-03-17,0_1,"[405964, 577314, 585919, 403192, 575723, 585979]",6,Zona A2
2027-03-18,0_0,"[557026, 557247, 557442, 584840, 587654, 555339, 557571, 557914, 558106, 558165, 580509, 581727]",12,Zona A1
2027-03-25,1_0,"[17466, 401715, 405499, 401515, 557690, 576957, 588656]",7,Zona B1
2027-03-26,1_0,"[557679, 582645, 587398, 587650, 12740, 13571, 15565, 401108, 402118, 404870, 405451, 405831, 584344, 585477, 587296]",15,Zona B1
2027-03-27,0_1,"[402142, 402685, 404593, 588755, 17814, 402851, 402984, 582188, 585933]",9,Zona A2
2027-03-31,0_0,"[554071, 555146, 587016, 557804, 558365, 581190, 587017]",7,Zona A1
2027-04-01,0_1,"[401240, 402919, 404734, 405466, 405917, 577965, 578624, 582563, 588913]",9,Zona A2
2027-04-08,0_0,"[557697, 557772, 558076, 585200, 553130, 557714, 558187, 582954]",8,Zona A1
2027-04-12,1_0,"[13802, 15082, 405082, 579970, 582775, 10515, 12813, 401045, 401615, 403445, 404411, 406271, 578649, 585017, 585083, 585166, 586898, 587452, 587849]",19,Zona B1
2027-04-15,1_1,"[557503, 575953, 588648, 588649, 17293, 400384, 402413, 557487, 584086, 584446, 587112, 588075]",12,Zona B2
2027-04-18,0_0,"[557444, 557970, 586234, 557441]",4,Zona A1
2027-04-19,0_0,"[557243, 557387, 557597, 557824, 557468]",5,Zona A1
2027-04-24,1_0,"[405394, 575510, 584558, 586733, 15431, 17338, 401065, 403767, 558205, 585046, 586714]",11,Zona B1
2027-04-26,0_0,"[553497, 554233, 557181, 558301, 557068, 558273, 580041, 588445]",8,Zona A1
2027-04-26,1_0,"[11824, 400498, 585381, 586938, 588835]",5,Zona B1
2027-04-26,2,"[576261, 583444, 584160, 405069, 405290, 405736, 576628, 583736, 584043, 585937]",10,Zona C
2027-04-27,0_1,"[402832, 405941, 576851, 12562, 14643, 577531, 585394, 587642]",8,Zona A2
2027-04-27,1_0,"[17758, 400705, 406515, 17195, 406287]",5,Zona B1
2027-04-30,1_0,"[584886, 585403, 585560]",3,Zona B1
2027-05-01,1_0,"[17353, 577874, 583451]",3,Zona B1
2027-05-02,1_0,"[11284, 14998, 16182, 403252, 404659]",5,Zona B1
2027-05-04,0_1,"[404567, 405656, 587132, 401059, 401486, 402377, 404543, 406043, 406140, 588380]",10,Zona A2
2027-05-06,0_3,"[557460, 558168, 587418, 558243, 585348, 585672, 586603]",7,Zona A4
2027-05-06,1_0,"[17792, 405546, 405670, 587775, 558127, 578626]",6,Zona B1
2027-05-07,1_0,"[401074, 405630, 585717, 405871, 585821, 586663]",6,Zona B1
2027-05-09,0_3,"[558137, 584697, 584811, 557797, 576512, 578223, 585702]",7,Zona A4
2027-05-11,1_0,"[12172, 583167, 586496, 587676, 400637]",5,Zona B1
2027-05-15,1_0,"[405804, 584243, 587019, 587045]",4,Zona B1
2027-05-16,1_0,"[15262, 576486, 584885]",3,Zona B1
2027-05-17,1_0,"[12692, 578750, 585547, 584948, 585473]",5,Zona B1
2027-05-19,0_1,"[403590, 406321, 584716, 16831, 587517]",5,Zona A2
2027-05-19,1_0,"[404862, 405943, 575358, 587790]",4,Zona B1
2027-05-20,1_0,"[400993, 401076, 405423, 578121, 400986]",5,Zona B1
2027-05-23,1_0,"[580188, 582157, 585038, 585377, 587799, 13570, 584134]",7,Zona B1
2027-05-24,1_0,"[15587, 584818, 586251]",3,Zona B1
2027-05-25,1_0,"[13394, 17264, 404191, 582766, 586776, 578037]",6,Zona B1
2027-05-28,1_0,"[579909, 584363, 584565, 588072, 586240, 588661]",6,Zona B1
2027-05-28,0_1,"[12992, 402841, 584127, 400393, 401949, 403522, 404869, 405940, 579979, 585934]",10,Zona A2
2027-05-30,1_0,"[15743, 401061, 403209, 576527, 588234]",5,Zona B1
2027-05-31,1_0,"[405547, 577823, 584504, 585343, 401200, 401692, 406237, 585840, 587035]",9,Zona B1
2027-06-07,1_0,"[15778, 405012, 584393, 11706, 405059, 588548]",6,Zona B1
2027-06-09,1_0,"[402587, 585375, 588656, 16100, 587983]",5,Zona B1
2027-06-12,1_0,"[400323, 401515, 587134, 405831]",4,Zona B1
2027-06-17,1_0,"[578388, 585340, 585984, 404870, 406256, 406477, 583740, 587084]",8,Zona B1
2027-06-19,1_1,"[577705, 582303, 588308, 17009, 400357, 402508, 405281, 557638]",8,Zona B2
2027-06-20,1_0,"[401715, 584059, 587325]",3,Zona B1
2027-06-21,1_0,"[404276, 404639, 405812]",3,Zona B1
2027-06-22,1_0,"[402296, 580318, 584353, 587355, 400944, 586529]",6,Zona B1
2027-06-25,1_0,"[15745, 401829, 578565, 15046, 402498, 405451, 405499]",7,Zona B1
2027-06-29,1_0,"[404768, 577452, 583213, 11770, 404426, 406239, 579802]",7,Zona B1
2027-07-01,0_0,"[552331, 557026, 585011, 587017, 554160, 557117, 557243, 557459, 557674, 557697, 557753, 586674, 587873, 588362]",14,Zona A1
2027-07-04,1_0,"[404808, 406085, 584896, 10604, 15565, 17466, 557679, 585083, 587705]",9,Zona B1
2027-07-11,1_0,"[17338, 401615, 587452, 400356, 400474, 400705, 401533, 403511, 584622, 587398]",10,Zona B1
2027-07-14,0_3,"[557657, 581297, 585040, 557105, 557534, 558224, 583333, 583743, 584410, 584978]",10,Zona A4
2027-07-19,1_1,"[15269, 551552, 585391, 587095, 14187, 16185, 578110, 585079, 588075, 588649]",10,Zona B2
2027-07-21,1_0,"[14771, 15431, 16362, 577856, 13944, 14998, 400486, 401118, 588041]",9,Zona B1
2027-07-22,1_0,"[406515, 584344, 586314, 586898, 401045, 405630, 558205, 585603, 585717, 586733]",10,Zona B1
2027-07-27,2,"[402859, 404773, 405261, 584043, 400980, 576261, 584847]",7,Zona C
2027-08-01,1_0,"[11617, 405723, 579970, 12740, 17195, 403720, 403794, 404411, 405040, 583451, 603830]",11,Zona B1
2027-08-03,1_0,"[11284, 16734, 405789, 585477, 13520, 403042, 403252, 403706, 576486, 585381]",10,Zona B1
2027-08-04,0_0,"[557812, 580265, 587016, 555339, 555436, 555932, 557216, 557442, 557476, 581727, 588060]",11,Zona A1
2027-08-07,0_3,"[557223, 557354, 558131]",3,Zona A4
2027-08-12,0_3,"[558423, 578360, 583593, 557627, 585302]",5,Zona A4
2027-08-14,1_0,"[17264, 406287, 585377, 14342, 400498, 401074, 402750, 403662, 578121, 582645, 584134, 587296]",12,Zona B1
2027-08-19,1_0,"[10515, 12079, 15262, 404862, 578649, 401093, 401437, 403445]",8,Zona B1
2027-08-22,0_1,"[401059, 403192, 576851, 585934, 10953, 12578, 16831, 401983, 402249, 402832, 403905, 404196, 405466, 405941, 585979]",15,Zona A2
2027-08-23,1_0,"[403234, 584818, 585473, 586714, 588661]",5,Zona B1
2027-08-26,1_0,"[13571, 577727, 585017, 15743, 586496, 586776, 586938]",7,Zona B1
2027-09-05,1_0,"[579909, 583176, 588548, 11706, 16582, 400323, 404441, 404650, 406237, 578037, 578750, 584393, 584913, 585046, 585343, 585547, 588835]",17,Zona B1
2027-09-14,0_1,"[402106, 402142, 403590, 16331, 401040, 402638, 405964, 582563, 583539, 584716, 585919]",11,Zona A2
2027-09-14,1_3,"[401893, 403008, 582326, 404278, 577185]",5,Zona B4
2027-09-16,0_0,"[557444, 558072, 586937, 557446, 557994, 558076, 558175, 586591]",8,Zona A1
2027-09-17,1_0,"[15587, 401076, 582775, 401715, 404191, 405337, 405546, 582766, 585403, 586251, 587775]",11,Zona B1
2027-09-18,outlier,"[15597, 402902, 405243, 406029, 580315, 587789]",6,Zona X
2027-09-21,1_0,"[401065, 401918, 402118, 404639, 584059, 587355, 587849]",7,Zona B1
2027-09-24,0_1,"[401949, 402685, 575723, 577372]",4,Zona A2
2027-09-25,1_0,"[405059, 585840, 587551, 588234, 401200, 405451, 584885]",7,Zona B1
2027-09-27,0_1,"[14643, 578624, 585394, 402919, 405031, 406043]",6,Zona A2
2027-09-28,0_0,"[557120, 557420, 578480, 553497, 557772, 557846, 587017]",7,Zona A1
2027-09-29,1_0,"[13570, 405499, 580048, 582157, 585560, 15082, 405871, 584243, 585083, 585375, 587084]",11,Zona B1
2027-10-05,2,"[405988, 582104, 582168, 403786, 583736, 583838, 585041]",7,Zona C
2027-10-10,0_0,"[555146, 557276, 557817, 553948, 554228, 557026, 557387, 557588, 558371, 584670, 585200, 587369]",12,Zona A1
2027-10-10,1_0,"[558127, 580318, 586334, 12813, 13394, 15565, 16100, 402296, 404768, 583740, 585984]",11,Zona B1
2027-10-12,1_0,"[577823, 584353, 587035]",3,Zona B1
2027-10-13,1_0,"[400986, 587452, 587650, 401692]",4,Zona B1
2027-10-16,1_0,"[15431, 557679, 583167, 585340, 401615, 406239]",6,Zona B1
2027-10-17,1_0,"[17466, 400637, 587983, 13802, 405394, 587676]",6,Zona B1
2027-10-17,0_1,"[405440, 406321, 583047, 400393, 404543, 405940, 406140, 575799, 577965, 581257, 587517, 588303]",12,Zona A2
2027-10-19,0_0,"[557610, 557674, 557819, 557844, 557459, 558106, 558403, 588362]",8,Zona A1
2027-10-19,2,"[403963, 406273, 576261, 405980, 581799, 582678]",6,Zona C
2027-10-22,1_0,"[15046, 402587, 404276, 400993, 558205, 580188, 587398]",7,Zona B1
2027-10-29,1_0,"[400944, 586733, 587799, 402498, 406271, 583451, 586240, 586529]",8,Zona B1
2027-11-03,1_0,"[405812, 575510, 577874, 576527, 578388]",5,Zona B1
2027-11-04,1_0,"[11284, 403511, 586898, 17195, 403252, 405012, 405804, 587325]",8,Zona B1
2027-11-08,0_1,"[10871, 13341, 400751, 10500, 12562, 400741, 401240, 401427, 404567, 405945, 577531, 585933, 586294, 588380]",14,Zona A2
2027-11-14,1_0,"[406477, 584363, 587045, 15778, 400474, 403209, 584344]",7,Zona B1
2027-11-15,1_0,"[401045, 584504, 585821]",3,Zona B1
2027-11-16,1_0,"[400356, 404659, 585381, 584896, 586663]",5,Zona B1
2027-11-21,1_0,"[400486, 403720, 584948, 401074, 404411, 404862, 579970]",7,Zona B1
2027-11-22,1_0,"[15262, 405670, 584818, 12172, 12740, 404426]",6,Zona B1
2027-11-25,0_1,"[404601, 404734, 584593, 585798, 400768, 405919, 406428, 587132]",8,Zona A2
2027-11-27,0_1,"[402841, 405523, 584127, 16656, 586878]",5,Zona A2
2027-11-28,1_0,"[557690, 584565, 585473, 587134, 14233, 400498, 405943, 406085, 406287, 586776, 587790]",11,Zona B1
2027-12-12,0_3,"[557997, 580443, 587418, 550777, 557190, 557327, 557439, 557525, 557797, 576512, 585701]",11,Zona A4
2027-12-23,0_0,"[557442, 557802, 558229, 582954, 555339, 557417, 558175, 580512, 581727, 584147, 586591, 586674, 586854, 588445]",14,Zona A1
2027-12-26,0_1,"[12992, 405656, 583539, 16331, 402377, 404980, 405404, 579979, 584716]",9,Zona A2
2027-12-29,0_1,"[405941, 575723, 585206, 15428, 404196, 577372]",6,Zona A2
2028-01-05,0_0,"[557181, 557804, 586937, 557030, 557216, 557441, 557446, 576660, 587654]",9,Zona A1
2028-01-06,1_0,"[404191, 577452, 585017, 14771, 401533, 402750, 405040, 405723, 578750, 582766, 584622, 585603, 586938]",13,Zona B1
2028-01-11,1_0,"[15587, 406256, 585046, 14342, 577856, 586251, 588835]",7,Zona B1
2028-01-16,1_0,"[16362, 578565, 587084, 401076, 405059]",5,Zona B1
2028-01-17,1_0,"[401200, 404808, 585840, 13571]",4,Zona B1
2028-01-18,0_0,"[557247, 557571, 557994, 580041, 553130, 557384, 557846, 558187, 585011]",9,Zona A1
2028-01-23,1_0,"[404768, 405546, 585375, 587775, 579802, 583740, 588234]",7,Zona B1
2028-01-25,0_0,"[553948, 557714, 580265, 555932, 557026, 557420, 584670, 587369]",8,Zona A1
2028-01-25,0_1,"[401949, 403192, 585979, 12875, 16881, 401489, 402249, 402353, 403423, 404081, 405466, 577965, 587480]",13,Zona A2
2028-01-28,1_0,"[17466, 403662, 580318, 402296, 406239, 557679, 585403, 585984, 588041]",9,Zona B1
2028-02-01,1_0,"[16100, 584353, 587398, 11770, 13570, 403042, 405789, 582157, 584885, 587705]",10,Zona B1
2028-02-22,1_0,"[404276, 582775, 587035, 13394, 15046, 586898]",6,Zona B1
2028-02-23,1_0,"[401065, 577727, 577823, 587983, 13520, 401692, 583176, 586314]",8,Zona B1
2028-02-28,1_0,"[403234, 405871, 585560, 402498, 403511, 585381, 587849]",7,Zona B1
2028-02-29,1_1,"[402413, 404153, 405132, 582743, 584446, 585079]",6,Zona B2
2028-03-04,0_0,"[554071, 581190, 585190, 553497, 557469, 557753, 557914, 580509, 584840]",9,Zona A1
2028-03-05,1_0,"[16582, 400944, 401045, 402587, 404441, 16734, 400986, 584344, 586529]",9,Zona B1
2028-03-09,1_0,"[400474, 404411, 404650, 579970]",4,Zona B1
2028-03-16,1_0,"[11617, 402118, 403720, 558127, 405812, 406287]",6,Zona B1
2028-03-20,1_0,"[12079, 12740, 405337, 15082, 400356, 400486, 400498, 400637, 400993, 401437, 578388, 583167]",12,Zona B1
2028-03-22,0_1,"[400751, 403905, 406140, 10500, 401059, 401427, 402685, 402832, 404543, 406321, 585919]",11,Zona A2
2028-05-01,1_0,"[582766, 584504, 587650, 13802, 13944, 15587, 401918, 403209, 404191, 405059, 405804, 406085, 577874, 578649, 584363, 586251, 586714, 587296, 587551, 603830]",20,Zona B1
2028-05-05,0_3,"[550777, 557227, 584697, 587862, 555220]",5,Zona A4
2028-05-08,0_0,"[555339, 557476, 581727, 553948, 557117, 557181, 557441, 557442, 557846, 577070, 583315]",11,Zona A1
2028-05-14,1_0,"[401076, 406271, 575510, 583740, 401200, 580048, 582645, 585375, 585840, 586938, 587045, 587134]",12,Zona B1
2028-05-18,1_0,"[403794, 585017, 588234, 402296, 403706, 580318, 584353, 585046, 585821, 585984, 588835]",11,Zona B1
2028-05-26,0_0,"[557518, 557970, 584670, 552331, 557034, 557276, 557804, 557994, 558229, 558273, 587369]",11,Zona A1
2028-05-29,1_0,"[16100, 402750, 586663, 404659, 584565, 584948]",6,Zona B1
2028-06-01,0_0,"[557440, 558106, 558301, 587654, 557068, 557420, 557459, 557674, 558187, 577316, 580041, 586674]",12,Zona A1
2028-06-02,1_0,"[405546, 405723, 587775, 401118, 586334, 587790]",6,Zona B1
2028-06-15,1_0,"[10604, 13570, 401533, 583213, 12172, 13571, 14342, 14771, 15046, 405040, 405670, 405943, 582157, 584885, 585340, 585403, 585603]",17,Zona B1
2028-07-03,1_0,"[13394, 15745, 584622, 400474, 401692, 402498, 403511, 403720, 577823, 577856, 584243, 586529, 587035, 587983]",14,Zona B1
2028-07-11,0_3,"[576512, 577712, 585040, 553783, 557513, 558274, 558275]",7,Zona A4
2028-07-20,0_1,"[402106, 403423, 404734, 12578, 12875, 12992, 15428, 400741, 582563, 585394, 586294, 587480]",12,Zona A2
2028-07-29,1_0,"[400986, 582775, 585560, 400356, 400486, 401065, 404808, 405789, 405812, 405871, 557690, 578388]",12,Zona B1
2028-07-30,1_1,"[557638, 582562, 584446, 13600, 403810, 405132, 557487, 582743, 588110]",9,Zona B2
2028-08-02,0_1,"[14643, 401040, 403281, 10500, 10953, 400751, 401486]",7,Zona A2
2028-08-08,1_1,"[16185, 402413, 578110, 17786, 584086, 584887]",6,Zona B2
2028-08-10,0_1,"[401427, 401489, 585798, 16881, 402353, 402354, 406043, 406321, 576851]",9,Zona A2
2028-08-16,0_0,"[554228, 580509, 587016, 555436, 557610, 576202, 588445]",7,Zona A1
2028-08-21,1_0,"[400993, 403445, 558127, 10515, 400637, 577727, 578649, 579802, 583167, 583176, 584896, 585477, 586714, 587325, 588041]",15,Zona B1
2028-09-04,1_0,"[11770, 403234, 404441, 16582, 580188, 587296]",6,Zona B1
2028-09-05,1_0,"[404650, 586240, 587676, 14233, 404426, 576527]",6,Zona B1
2028-09-11,0_3,"[557439, 584978, 585701, 557332, 557348, 557945, 586650]",7,Zona A4
2028-09-11,1_0,"[401076, 405012, 586938, 587799, 13520, 13944, 15082, 402118, 406477, 587705, 603830]",11,Zona B1
2028-09-28,0_0,"[557387, 557442, 558072, 555339, 557420, 557441, 557994, 558125, 558432, 581727, 586580]",11,Zona A1
2028-09-28,1_0,"[582645, 585017, 586314, 12813, 15778, 16734, 406085, 585046, 588835]",9,Zona B1
2028-10-21,1_0,"[401437, 402750, 584885, 12079, 13570, 403706, 582157, 584363, 584504, 585403]",10,Zona B1
2028-10-26,0_0,"[554160, 585200, 587654, 555146, 558401]",5,Zona A1
2028-10-30,1_0,"[11617, 13802, 405804, 13571, 405723, 587134]",6,Zona B1
2028-11-14,1_0,"[401118, 584913, 587035, 587045, 13394, 14342, 577874, 584243, 586529, 587983]",10,Zona B1
2028-11-15,0_0,"[557216, 557571, 585190, 557247, 557440, 557714, 583315]",7,Zona A1
2028-11-16,1_0,"[400944, 401093, 401692, 14771, 575510, 577823, 587650]",7,Zona B1
2028-11-22,0_3,"[557107, 557672, 558172, 555220, 555421, 557190, 557460, 557534, 557879]",9,Zona A4
2028-11-30,0_1,"[402249, 575871, 585979, 12562, 402841, 403192, 404068, 584127]",8,Zona A2
2028-11-30,1_0,"[401533, 402587, 406271, 584565, 10604, 401918, 405040, 584948, 585603, 585821, 587551]",11,Zona B1
2028-12-12,1_0,"[404659, 405812, 587790, 400356, 583213, 586663]",6,Zona B1
2029-01-12,0_1,"[405919, 406321, 587480, 10871, 401040, 403423, 406043, 584593]",8,Zona A2
2029-02-12,0_0,"[555339, 555436, 581727, 551241, 557030, 557442, 557476, 557844, 585011]",9,Zona A1
2029-03-26,0_1,"[16656, 400768, 401220, 402685, 404081, 405404, 585206, 585919]",8,Zona A2
2029-05-03,1_0,"[14771, 16734, 586314, 13802, 405040, 405804]",6,Zona B1
2029-06-02,1_0,"[401065, 583213, 584565, 10604, 575510, 584948, 585560, 585821, 587650]",9,Zona B1
2029-06-18,1_0,"[14233, 403662, 406271, 11617, 400993, 577856, 584622, 584913, 586663, 587551, 587790]",11,Zona B1
2029-07-06,1_0,"[16362, 400637, 580188, 12172, 15745, 401093, 401918, 558127, 576527, 583167, 586240, 587849]",12,Zona B1
2029-08-17,0_0,"[557117, 558106, 558432, 555436, 557417, 585011, 586854]",7,Zona A1
2029-09-15,0_0,"[554160, 557387, 558229, 558354, 577070]",5,Zona A1
2029-09-17,1_0,"[403234, 584504, 585038, 12813, 403209, 405337, 578565, 584363, 588041]",9,Zona B1
2029-09-22,0_1,"[12992, 404980, 585919, 15428, 16881, 401220, 402353, 402685, 581139]",9,Zona A2
